municipalities,ACLED_events_total,ACLED_events_Violence_against_civilians,ACLED_events_Battles,CIESIN_GPWv411_GPW_Population_Density_population_density_max,NASA_FLDAS_NOAH01_C_GL_M_V001_Qle_tavg_max_std,ECMWF_ERA5_LAND_MONTHLY_skin_temperature_max_std,ECMWF_ERA5_LAND_MONTHLY_volumetric_soil_water_layer_3_min_std,spam2020v2r0_global_prod_P_WHEA_A_mean
Abi Gharaq,4,2,0,2215.537841796875,7.690046302447612,10.742207715145797,0.00328949901079465,6204.43984375
Abu Dalf,18,2,6,93.81309509277344,32.59012767446418,11.401819077258056,0.024629405981495583,11518.766927083334
Abu Ghraib,96,17,21,5654.49267578125,8.926511522532822,10.9253861794219,0.007020525394177606,2676.7998046875
Agjalare,4,2,0,509.082763671875,42.37166914597938,10.728104361908255,0.08797879031725024,0.0
Akaika,49,5,5,239.12413024902344,9.763528878752268,10.751155779326014,0.0030338024511791777,0.0
Al-Abbasi,3,1,1,118.15973663330078,26.500964631658,11.363250627571428,0.027538963234714976,14055.466145833334
Al-Adel,29,6,18,210.56761169433597,10.019994743232711,11.109718064501003,0.012344687071368224,2709.28759765625
Al-Ahrar,13,2,0,174.7543487548828,13.805702990102152,10.729299690387986,0.00985216103461191,15568.22554347826
Al-Alam,37,3,9,464.56158447265625,21.794633398653737,11.265738029846338,0.017891138278972936,6453.85009765625
Al-Amirya,15,2,7,606.352294921875,10.670401276667722,10.309986386286493,0.0,1905.909412202381
Al-Atheem,126,5,58,261.8009948730469,17.818226008581767,11.458048989971864,0.022989920905049976,6935.633463541667
Al-Ayadiya,10,1,0,122.128662109375,41.6459320762872,11.236229752587748,0.06551070179842661,2769.66259765625
Al-Aziz,12,1,11,210.56759643554688,8.830055073748666,11.118724783066977,0.0196542666241154,1628.699951171875
Al-Aziziya,18,3,2,143.7315673828125,17.46995518256867,10.937452475130018,0.007893506025140216,16349.51953125
Al-Baghdady,60,0,7,26.20270347595215,10.764880333219631,10.609516375818574,0.0023136154754179916,796.9000244140625
Al-Bahhar,2,0,0,178.7025604248047,12.45434603872046,10.924913511116218,0.012187134380377823,1163.300048828125
Al-Bashaer,10,4,4,138.85910034179688,18.145584641999417,10.887551786119708,0.011455672426210053,16268.816761363636
Al-Battha'a,17,2,1,261.308837890625,8.896581011982134,10.59013732868825,0.00017791689821604234,0.0
Al-Bdair,2,0,0,217.89739990234372,10.607687831565517,10.593503221734744,0.011639587215104354,6242.3876953125
Al-Daghara,3,1,0,276.2860717773437,8.892509957128901,10.73786082824138,0.0008382487394716843,5597.10009765625
Al-Dair,30,5,12,1727.656494140625,9.49769885649999,11.132601787565667,0.01214331832545967,0.0
Al-Dawaya,7,1,2,261.3088684082031,9.607378757617088,10.712023465060804,0.008198037989572289,399.6624755859375
Al-Dujeel,21,1,9,3141.381591796875,13.025964877180874,10.194826131367408,0.0,7406.588541666667
Al-Duloeyah,15,2,6,261.8009948730469,15.026748752446721,11.115570227245936,0.024781150491539658,9255.989583333334
Al-Duski,3,0,0,647.3738403320312,44.675663521624685,10.57588295470636,0.09420276807342526,0.0
Al-Emam,12,1,0,150.8056640625,10.044169933020392,10.762482844195617,0.0039108938104693135,7222.5
Al-Esshaqi,11,1,5,111.18875122070312,11.823007646579581,10.127977858324412,0.0,7031.678571428572
Al-Fadhliya,76,8,9,239.12417602539065,12.67639798230547,10.640462575072958,0.0020393716963327925,0.0
Al-Fahama,13,6,6,4743.6484375,1.6648123568208952,11.077130154950119,0.010878911003358128,3086.2333984375
Al-Fajer,2,0,0,138.85911560058594,11.506084529431893,10.743482084566685,0.009123637300165799,20243.662109375
Al-Fawwar,2,0,0,247.5913848876953,12.47139493574846,10.756731374935322,0.0008047023590399198,894.050048828125
Al-Forat,8,0,5,114.23394012451172,11.79524564460401,9.713347052289782,0.0,1933.8875732421875
Al-Fuhood,25,0,1,239.1241607666016,14.243954031415283,10.655964961252426,0.0017801947425837795,0.0
Al-Garma,59,1,16,2467.645751953125,9.74528162299783,10.835114489990362,0.009170488968571689,4043.0135869565215
Al-Gharraf,20,2,4,261.308837890625,8.563592670455613,10.621257833152203,0.007425406282975006,30.225000381469727
Al-Habbaniya,11,0,0,186.29368591308597,8.599513618384032,10.24171545635801,0.006630071785518942,1801.8599609375
Al-Hafriya,0,0,0,143.7315673828125,12.119449031855371,11.057465777973373,0.009665697143039994,14227.723958333334
Al-Hammar,0,0,0,239.12417602539065,13.75371838287929,10.636244620504,0.0033813298106726807,0.0
Al-Haqlaniya,9,0,0,26.20270347595215,10.069524860257536,9.882586111407758,0.00280139428162839,1226.4000244140625
Al-Hartha,67,16,26,1727.656494140625,10.660261437581473,11.099028414409805,0.0222501842208373,0.0
Al-Hassainya,2,0,0,606.3523559570312,9.078488983020256,10.758113981425923,0.0006355047308592502,1619.6000434027778
Al-Haydariya,7,2,1,2215.53759765625,8.099410059386962,10.490025296400278,0.005145379394599755,3830.569110576923
Al-Heera,5,3,1,533.3016967773438,8.679790124771605,10.4537702763002,0.0037481222267755987,4627.633246527777
Al-Hilal,26,1,4,501.1204528808594,10.228603134473039,10.55784201154613,1.4169483077622608e-05,2869.1998697916665
Al-Howweir,0,0,0,210.56761169433597,7.155866509708856,11.014947167954631,0.012625285782122611,3002.2001953125
Al-Huriya,29,6,6,2215.537353515625,8.780947327334236,10.74175726064254,0.00041532723958160955,6659.072443181818
Al-Iskandaria,62,1,21,606.3523559570312,9.913317634453566,10.761927736669108,0.004316475233704649,5888.533203125
Al-Islah,36,0,3,261.308837890625,8.454476771025687,10.710703859879471,0.005781964114736774,82.35999755859375
Al-Jadwal Al-Ghrabi,7,1,1,2215.537841796875,8.689283966348347,10.539747492201222,0.002793669534416705,4537.085658482143
Al-Jisr,12,2,6,8843.861328125,10.367812593841512,11.123061933681809,0.006600362828376091,5894.743861607143
Al-Karabla,2,0,0,35.92887878417969,11.572017998674335,10.210816848634673,0.0011380884440760084,10.052630775853208
Al-Karrada Al-Sharqia,244,38,12,8843.8623046875,9.304315916317199,11.247422792250068,0.007262305477358815,0.0
Al-Kifil,4,1,0,2215.537841796875,7.130912247657277,10.779782320980273,0.00041532723958160955,6287.455255681818
Al-Latifya,0,0,0,606.3522338867188,10.829390450624913,11.029695224745169,0.0038696871713749664,6380.985491071428
Al-Madhatiya,6,2,0,276.2861022949219,10.49005565556186,10.850657923486285,0.0038800787636529815,7761.295230263157
Al-Majd,0,0,0,501.1204528808594,9.867011073490461,10.55017945869304,7.301412540949776e-05,0.0
Al-Mamoon,4,2,0,8843.8623046875,10.602550936297364,11.104741499920046,0.00480997725911792,8899.516927083334
Al-Mansour,401,62,43,8769.6875,1.5975726233957261,10.96844907937397,0.006700233990634554,0.0
Al-Mansouriyah,51,12,22,261.8009948730469,19.02602011088525,10.996565283688843,0.022669945926503732,5703.899739583333
Al-Mashroo,4,0,1,606.3522338867188,10.630690261385958,10.87489790203502,0.005152615359544388,7652.81484375
Al-Mihanawiya,19,2,0,927.5802001953124,7.905352872762101,10.714495833859543,0.00023477585549315275,7920.399739583333
Al-Mowafaqiya,4,3,0,217.8973388671875,12.9150190852321,10.848645764528575,0.011969080132336088,13118.93359375
Al-Msharah,445,85,37,191.7973175048828,17.21061235415703,11.344142835218973,0.030171339379578565,3074.0998883928573
Al-Muhamadath,204,22,25,585.6417846679688,37.87986637226184,11.604044029144921,0.05755423974185239,3045.5748697916665
Al-Multaka,4,0,3,464.5616149902344,27.77484469197989,11.157555659307096,0.04784646122697527,9575.6005859375
Al-Muotasim,8,1,5,103.29322814941406,14.795220334119627,11.277401624782051,0.024781150491539658,10537.23046875
Al-Najmi,6,0,0,217.8973846435547,10.073699888482157,10.592434633443045,0.0009857842421294206,2646.74169921875
Al-Nashwa,6,1,1,1727.65625,10.810902520996155,10.978721528096946,0.013398254571323256,0.0
Al-Nasr,12,1,1,261.308837890625,9.686367197108758,10.65835724970754,0.0035260388701112686,0.800000011920929
Al-Nekhaeeb,16,0,10,114.23394775390624,10.733338714981317,10.344505197837771,0.0004256551553240242,21.283334096272785
Al-Obiadi,0,0,0,23.460702896118164,10.336184540854042,10.25860177674386,0.001711144572788575,15.387500762939451
Al-Qahtanya,11,0,2,60.24863052368164,28.789517317511407,11.357656872146704,0.0284049171140604,2525.544270833333
Al-Qairawan,5,0,1,60.24863052368164,29.66272947535134,11.418774037757304,0.047548164052990255,3413.02734375
Al-Qasim,9,2,1,927.5801391601562,8.733570054668773,10.769200029578268,0.0009121817583110915,7186.7796875
Al-Qayarra,112,7,15,585.6417846679688,34.408739248764704,11.553991687266905,0.0532741601117653,2920.9166666666665
Al-Qosh,3,1,0,276.0521240234375,41.62737846256655,9.646552738701132,0.08097842761717472,612.439990234375
Al-Rahhaliya,2,1,1,185.0352783203125,11.218745005537611,9.700982652195314,0.0,0.0
Al-Rashad,110,8,40,464.5616149902344,24.93748145283318,11.565807040141918,0.027133453081171856,14790.09090909091
Al-Rashdia,24,6,10,4743.6484375,11.068430599371752,11.0964598795221,0.010942027633747723,1723.7000325520833
Al-Rasheed,6,3,0,5654.4931640625,10.13516133649697,11.06863057125465,0.0038696871713749664,2973.112548828125
Al-Riyadh,62,3,31,464.56158447265625,26.350423587872488,11.592158110241707,0.027133453081171856,17340.264508928572
Al-Rummaneh,81,2,16,295.4098815917969,13.004776751363133,10.366193108250421,0.0023549356292469586,14.430769700270432
Al-Saadiya,35,3,12,44.67538833618164,23.133639306999953,11.021568170813206,0.020247427912017207,0.0
Al-Sadeer,20,1,3,217.89739990234372,9.415762894100482,10.618493090068693,0.0001208601271171231,3559.60009765625
Al-Salam,32,3,18,261.308837890625,8.835547846764301,11.18017287250861,0.006284119733840138,1146.98994140625
Al-Saniya,8,0,1,217.8973846435547,8.065427766048304,10.716867004455144,0.0003718866966588471,8006.0
Al-Shabaka,0,0,0,217.8973693847656,10.271055368348467,10.442797003369352,0.002856165868003613,2025.300048828125
Al-Shafeia,0,0,0,217.8973846435547,8.25856039031805,10.697148810649304,0.00022280830876696334,0.0
Al-Shamal,54,2,14,122.1286392211914,34.807013412004814,11.330340696710543,0.06996929993981704,2788.1385216346152
Al-Shehamiya,0,0,0,150.80564880371094,11.729990850798472,10.992681553174503,0.0076895502253206014,14959.3296875
Al-Shinafiya,12,1,2,355.5509338378906,9.954405388882938,10.515369188717777,1.4169483077622608e-05,1673.199951171875
Al-Shomaly,7,1,1,276.2861022949219,10.616252011776009,10.824481077550606,0.003159496767069628,7391.7457932692305
Al-Siba,28,1,2,178.70257568359375,10.899902055540663,10.793338003598917,0.005655869839758034,2205.025146484375
Al-Sowair,529,7,12,501.1204833984375,10.358974241950657,10.502987178655099,7.301412540949776e-05,888.3333333333334
Al-Synia,52,1,20,66.89239501953125,21.648447716910795,11.137085625881321,0.017958962384958796,3384.0
Al-Taji,47,6,8,4743.64794921875,10.479374589901294,11.068798611996383,0.010216912444816885,1637.800048828125
Al-Tar,6,0,2,239.1241455078125,11.528708585663376,10.780018820478173,0.0017801947425837795,0.0
Al-Tarmiya,164,24,70,4743.6484375,11.543391214079593,10.794046789505087,0.013757605654221409,3197.736505681818
Al-Teeb,4,0,0,122.28140258789062,22.636062949439772,11.404772770687487,0.03154931658173834,938.3999837239584
Al-Thagar,24,1,6,210.567626953125,9.822829003932547,11.286142207192299,0.020362605994563864,1519.800083705357
Al-Tharthar,11,1,7,111.18875122070312,11.67789299690554,10.404839472894144,0.0,5345.4203125
Al-Wajihia,12,3,3,189.32765197753903,19.392079111638775,11.39263870676277,0.022892008107155123,7575.73681640625
Al-Walid,19,0,13,4.670734882354736,11.339849013441968,9.941491142073426,0.003225175905372292,0.1500000059604644
Al-Warka,59,2,6,501.1204528808594,10.97624760244714,10.543850794734615,7.301412540949776e-05,1818.1749674479167
Al-Wihda,28,6,6,114.85932159423828,14.935313748507447,11.120606278239347,0.008698123679377136,5063.423076923077
Al-Yousifya,40,4,7,815.4650268554688,9.655285005441048,10.87479951746109,0.0038696871713749664,2779.599609375
Al-Zab,17,1,2,147.80043029785156,28.182692395084572,11.36532401156074,0.03248104504999958,8378.214285714286
Al-Zubaidiya,5,0,0,143.7315673828125,12.518364006653847,10.968944062868808,0.006821164636809904,20090.43526785714
Ali Al-Sharki,6,1,1,124.4743194580078,28.592756965280632,11.173358372953647,0.02188119973487355,1234.971540178571
Altun Qupri,22,5,6,464.5616149902344,39.203446661424664,11.126829713540046,0.0681290102808647,9589.650390625
Ameraly,34,1,14,93.81311798095705,23.303303017620518,11.612573427172467,0.032608317519799965,8570.7998046875
Atreesh,1,0,0,266.5329284667969,44.39342300080019,10.679680000999316,0.08480738428410572,0.0
Baghdad Al-Jedeeda,120,39,32,8843.861328125,9.304315916317199,11.260332969828179,0.008599071799890052,10861.2001953125
Balak,129,6,5,215.471923828125,39.72718216960286,11.2516001224222,0.0672677634736256,0.0
Bardarash,7,1,1,215.47190856933597,46.046234368586475,11.404751589022789,0.08432986117960206,384.1499938964844
Bartilla,7,0,0,125.00079345703124,36.23840498158084,11.205341714551563,0.05978546861948111,457.4666748046875
Barwana,52,3,6,29.80463218688965,13.476164202693353,10.031717251000321,0.004762754720167658,0.0
Barwari Bala,1854,3,428,618.0952758789062,42.76166922927092,12.024981621011486,0.07050045404992733,0.0
Barzan,4,0,0,215.4719390869141,43.77203233644119,10.884408553370811,0.08153978904685724,0.0
Bashiqa,50,3,2,252.5647125244141,41.55969570570531,11.112988343711601,0.06815336702962838,656.5
Bateel,2,0,0,632.2009887695312,45.561037157486496,10.8615124045676,0.08081699713510652,4.5
Batifa,418,1,139,647.3737182617188,46.23481546179239,10.574926794603156,0.07851999231143332,0.0
Bazian,5,1,1,509.0828247070313,42.573068601915686,10.61783291679182,0.08645288600036272,0.0
Bebaz,0,0,0,509.082763671875,39.81743505310859,11.555930421667357,0.07865992714125093,0.0
Begeel,0,0,0,215.47190856933597,44.97214415845108,10.538177535462715,0.09183951660057955,0.0
Beni Hasheem,29,1,14,122.28140258789062,12.26773170023175,10.978840247499853,0.028756288146574265,2841.3
Beni Saad,283,33,68,8843.8603515625,13.932877987600406,11.175202097921469,0.014270150028476286,6905.48095703125
Beyara,1,0,1,100.39505004882812,34.66327024771016,10.492819127338883,0.08083353836851648,444.3999938964844
Bitwana,0,0,0,215.471923828125,43.74891736940237,10.666409904934287,0.08887438695394312,0.0
Bradost,593,0,98,216.357421875,43.574719183766895,10.963876567739865,0.06359610930183374,72.31428745814732
Buhriz,54,8,23,5727.05810546875,11.824915693992873,11.3184081038005,0.014270150028476286,11152.75078125
Cenkaw,1,0,1,509.0828247070313,42.07120614666272,10.984544470605277,0.07587941852191506,0.0
Dercar,153,3,50,647.3736572265625,45.4667979007878,10.884450675600487,0.08455550194036461,822.7999877929688
Diana,60,4,3,215.471923828125,44.59960965095394,10.81412627156074,0.08212791946739684,0.0
Dibaga,1,0,0,215.47186279296875,36.02539405841638,11.717218365416814,0.05860332163417667,6.900000095367432
Dijla,39,3,14,111.18875122070312,17.07288337181026,10.539653940285955,0.007205915648811804,0.0
Dinarta,115,0,0,215.47189331054688,46.5019452905451,10.98040931249723,0.09152775361921854,0.0
Fayde,0,0,0,604.8798828125,42.07684999422725,10.943292785033771,0.08147527151572934,0.0
Garmat Beni Said,4,0,2,220.9612274169922,13.72016690560184,10.776904242709476,0.001670793728777993,0.0
Ghammas,3,0,0,217.8973846435547,8.757649728866506,10.581876989740843,0.0037481222267755987,6052.39990234375
Gnareen,2,0,0,215.471923828125,43.21741107454266,10.14586560419959,0.0674498575317053,0.0
Gwyer,2,0,1,215.47190856933597,39.626712282478884,11.299475200037268,0.05940567055488456,5.333333333333333
Haji Omaran,27,0,1,215.471923828125,38.45749543379622,11.364975720101803,0.06615376013056226,1.5499999523162842
Hammam Al-Alil,27,1,5,585.6417846679688,34.11726797107124,11.78411513532343,0.06494473456484538,3080.4615384615386
Hamreen,132,2,55,109.8974838256836,26.66621685080686,11.44709870160289,0.024629405981495583,9989.875
Harir,14,0,4,215.471923828125,45.22736646379029,10.538177535462715,0.08936264733059657,0.0
Hero,0,0,0,91.33326721191406,38.008974852872186,10.744637979764368,0.08428557696953101,71.66666666666667
Hibhib,47,6,15,3141.381103515625,12.650713344728599,11.033286250026544,0.01691078559865825,4024.085379464286
Jabarra,2,0,1,113.73357391357422,29.25264537138806,11.529248697035962,0.03508084637628707,0.0
Jalawla,176,18,47,44.67538833618164,23.93811822016377,11.133225093486296,0.027849199117140986,0.0
Jassan,0,0,0,38.43017578125,21.289311184574725,11.09603799385646,0.017410545297166978,11992.7001953125
Jurf Al-Sakhar,30,0,12,1561.34521484375,10.15206782512567,10.695198606184793,0.0037836793543805747,4709.990767045455
Kadr Karam,10,0,2,113.73355865478516,37.61785483291675,11.61353726372628,0.06833899960180072,0.0
Kanan,32,7,10,189.32765197753903,16.105815316340713,11.382460532556989,0.018270869180995047,10837.7421875
Karmak,5,0,0,104.49649810791016,45.30323780482788,11.601949401935,0.08318836303514097,0.0
Khailfan,11,1,2,215.471923828125,44.441903026675426,10.659047853939677,0.09269199786826417,0.0
Khoshnaw,12,2,1,215.4719390869141,44.4199730090638,10.507864177391834,0.08428302974370688,0.0
Khourmal,2,0,0,100.39505004882812,46.344591034308266,10.477851913939809,0.08259569235892417,0.0
Kubaisa,11,0,1,25.46315193176269,9.225108862285417,10.587895116760654,0.002506296873060828,786.7000122070312
Kumait,11,2,3,137.26104736328125,20.865628625410242,11.213654730434161,0.013425443712115983,6767.405790441177
Kurdsein,1,0,0,215.471923828125,46.88531698651823,11.643401164895968,0.08709073044131595,907.2000325520834
Lilan,6,1,2,464.56158447265625,34.86099598620787,11.362120856699775,0.06048961793795973,0.0
Makkhoul,42,1,12,147.8004608154297,26.553487073400117,11.35714303344876,0.020939066315876373,0.0
Mandali,19,3,7,44.675384521484375,29.524821188831375,11.332770797799887,0.027651918967278245,1958.7750244140625
Markaz Abu Al-Khaseeb,25,2,5,1721.357666015625,9.329940242727481,10.592452286647367,0.010700725999120664,0.0
Markaz Afaq,10,2,0,217.89739990234372,12.104042876757905,10.632254017971794,0.00985216103461191,1470.9000244140625
Markaz Ain Al-Tamur,2,0,1,507.9075317382813,10.56121834942128,9.658955835588655,0.0,33.60909201882102
Markaz Al-Adhamiya,103,33,21,8843.8603515625,1.6201389035231186,11.296860702382777,0.011626413375431363,0.0
Markaz Al-Amadiya,1298,5,365,215.47189331054688,43.855222705038116,12.021200087533462,0.08737429555855546,0.0
Markaz Al-Baaj,18,5,2,60.248626708984375,27.409440153810618,11.263451156539887,0.005432688409851109,2225.83609375
Markaz Al-Basrah,822,55,48,1727.656494140625,9.112764666334115,10.63596581796035,0.0222501842208373,0.0
Markaz Al-Chibayish,14,1,4,239.1241607666016,8.58944534081608,10.618039693442043,0.005264585046004873,0.0
Markaz Al-Diwaniya,397,15,5,217.89739990234372,8.66580868590447,10.733343330185074,0.0001803012945752983,1470.9000244140625
Markaz Al-Falluja,66,2,8,480.1168518066406,7.969560203358025,10.565873579271289,0.007393140895763348,2417.653846153846
Markaz Al-Faw,34,1,0,112.57811737060548,11.79926195626002,10.924913511116218,0.02410538961554933,0.0
Markaz Al-Hamdaniya,15,3,2,585.6417236328125,39.82700825439832,11.58194388902751,0.0618183542061439,499.960009765625
Markaz Al-Hamza,0,0,0,217.89739990234372,10.1935274286779,10.5677255312977,0.0011778437531698343,3023.099934895833
Markaz Al-Hawiga,58,5,20,464.5616149902344,27.613261494951644,11.374426021802382,0.027538963234714976,18077.11328125
Markaz Al-Hilla,154,12,4,2215.53759765625,7.990804526984707,10.82155484986998,0.00328949901079465,8367.275390625
Markaz Al-Hindiya,3,0,1,2215.53759765625,8.522752920353561,10.52110115869425,0.002328187907281285,2968.3069196428573
Markaz Al-Kadhimiya,50,13,12,5654.49169921875,1.5987076524933936,11.074461283562878,0.006225618424402663,0.0
Markaz Al-Kahla,2,1,0,191.7973175048828,9.894761920445397,11.301529669160265,0.026932956263316037,2746.0
Markaz Al-Karkh,201,8,7,8843.8603515625,1.7158807119952355,11.262021685160768,0.007262305477358815,0.0
Markaz Al-Khalis,57,16,12,1121.4072265625,13.09187035963876,11.092008345109345,0.019910757980800164,7605.300347222223
Markaz Al-Khidhir,26,0,2,239.12417602539065,10.260224256960903,10.643979422814784,4.074017581359281e-05,1520.587646484375
Markaz Al-Kufa,2,0,1,927.5802612304688,7.842519968386205,10.193578703060012,0.001006655924137696,3686.0
Markaz Al-Kut,358,14,4,124.4743194580078,17.327839222903823,10.74953911142089,0.018229187973309392,14108.199776785714
Markaz Al-Mada'in,13,6,3,236.4574737548828,11.031906178822492,11.079308344625401,0.00636336075424805,8559.421875
Markaz Al-Mahawil,4,3,0,606.3523559570312,9.77619341465232,10.757337917776427,0.0037836793543805747,9057.900390625
Markaz Al-Mahmoudiya,12,4,1,236.4574737548828,10.270420584798668,10.61026736123695,0.0038696871713749664,3291.2333984375
Markaz Al-Maimouna,0,0,0,261.308837890625,10.983041505923984,11.255183166588457,0.016019451737786662,2564.256103515625
Markaz Al-Midaina,26,2,10,210.567626953125,7.131282905962194,10.894865395736272,0.010258740861011082,0.0
Markaz Al-Muqdadiya,354,61,114,189.32766723632807,21.373565519897024,11.262159586950748,0.024497232682140522,3808.966796875
Markaz Al-Najaf,157,25,7,927.5802001953124,8.199232500185754,10.49410822285913,0.0019185698661692025,2977.3103515625
Markaz Al-Nasiriya,954,46,21,261.308837890625,8.88217384142779,10.542540196682603,0.009422770773187285,118.5
Markaz Al-Noamaniya,7,1,1,217.89735412597656,16.053127900137774,10.944402087892247,0.009652125527960308,16684.318452380954
Markaz Al-Qurna,27,4,6,210.567626953125,9.271466532836808,11.165819737899195,0.012860555039420147,165.89999389648438
Markaz Al-Ramadi,178,1,18,186.293701171875,10.234268052398429,10.126544931955596,0.0,1637.4482060185185
Markaz Al-Rifai,138,16,17,261.3088073730469,12.563382096831416,10.723940195554736,0.008185403413870761,4390.504934210527
Markaz Al-Rumaitha,0,0,0,217.89735412597656,10.107704387728282,10.56583531153862,0.0010172910959452535,3351.25
Markaz Al-Rutba,136,10,46,114.23394775390624,10.852352994653918,10.534398177849221,0.004140828842867545,0.0
Markaz Al-Salman,15,0,0,501.1204528808594,14.628852591872791,10.680848419597593,1.4169483077622608e-05,752.4599609375
Markaz Al-Shatra,75,13,27,261.308837890625,8.957924163746451,10.664260460029706,0.009049844387985064,0.800000011920929
Markaz Al-Shikhan,3,0,0,252.56472778320312,42.73093248476856,10.889296130439666,0.08124049827455329,878.16005859375
Markaz Al-Shirqat,37,5,8,585.6417236328125,29.52714267081387,11.419110871089647,0.026103520440592852,2049.175048828125
Markaz Al-Suwaira,10,0,0,236.45748901367188,11.938266578286772,11.019165251312451,0.00480997725911792,14996.622023809525
Markaz Al-Thawra,305,59,78,8843.861328125,1.6576142381142296,11.296860702382777,0.013609419190304492,8748.5498046875
Markaz Al-Zubair,155,19,11,1727.6563720703125,13.055827353059742,10.671566134096906,0.01394674272984412,987.0999755859376
Markaz Ali Al-Gharbi,11,2,2,99.87850952148438,27.858715956944835,11.190816928818732,0.02689497871407251,2838.85009765625
Markaz Ana,21,0,2,26.202699661254883,11.03009667034382,9.814732996140204,0.001177323128903108,1220.4666341145833
Markaz Aqra,8,0,0,98.12882995605467,45.816612548674065,10.576577849861144,0.09305543287789664,1818.5999755859373
Markaz Badra,4,1,0,14.540236473083496,30.715316452743103,11.27722456282427,0.029060972360506965,1340.6167805989585
Markaz Baladruz,11,3,4,174.47640991210938,22.88416848053579,11.144698081319955,0.011465051815840559,8753.641447368422
Markaz Beygee,13,0,3,118.15974426269533,21.39064102657823,11.250591603542356,0.021144406028289535,5802.0
Markaz Chamchamal,31,4,3,509.0827331542969,41.60587149843343,10.669570170193644,0.08135462870303205,0.0
Markaz Daquq,167,13,79,93.8131103515625,29.44408554056105,11.638780418972607,0.03759595268305974,18717.625
Markaz Derbendikhan,11,0,0,444.4889526367188,47.08084484442354,10.758166133441074,0.08561236438795541,0.0
Markaz Dibis,47,4,14,464.56158447265625,30.8540221971182,11.524139617868773,0.059878583084986656,19116.30078125
Markaz Duhok,38,6,2,647.373779296875,39.877433424811564,10.679680000999316,0.08585392946354714,0.0
Markaz Erbil,167,11,7,215.4719390869141,43.20956715244488,11.254418167940202,0.08624002766255474,1.5
Markaz Halabja,42,2,2,118.2147216796875,46.28380120465506,10.586933130317103,0.06978366457562081,1486.199951171875
Markaz Hatra,53,9,19,585.6417236328125,30.644610089847365,11.237334590756511,0.023311697040744275,2627.503985969388
Markaz Heet,32,2,8,25.463150024414062,8.480119657578777,10.556903070003054,0.004484715554362195,966.319921875
Markaz Kalar,84,6,8,113.73358154296876,39.14445871374265,11.587247288116194,0.05277426180170045,0.0
Markaz Kerbela,142,18,7,507.9075622558594,8.720481141360208,10.030214000266358,0.002328187907281285,1321.3666449652778
Markaz Khanaqin,183,20,81,113.73356628417967,29.82013245451406,11.526198102332685,0.045183088360871385,2346.5
Markaz Kifri,26,2,4,113.73358154296876,32.75670767159152,11.698303727441845,0.034513007755414375,0.0
Markaz Kirkuk,269,29,55,464.56158447265625,36.58028215210997,11.562462362015825,0.07009884951496852,0.0
Markaz Koysinjaq,12,1,0,215.471923828125,44.50901102763923,10.856708190560534,0.08703752362004823,0.0
Markaz Makhmour,121,7,30,36.66163635253906,35.07558164782805,11.562990839204401,0.05314955117891722,4.599999904632568
Markaz Panjwin,24,1,0,100.3950424194336,46.40213547186054,10.5507759532409,0.08565839347607346,652.5999755859375
Markaz Pshdar,32,3,1,92.3494644165039,39.242075174402835,10.855843807760943,0.08150758971167531,127.75
Markaz Qalat Saleh,26,5,14,191.7973175048828,7.56794283010366,11.157860439737624,0.020143933374828487,2364.175048828125
Markaz Rania,46,1,1,215.47186279296875,43.75468101360534,10.024105882954654,0.06792080263403223,0.0
Markaz Rawanduz,24,3,2,215.471923828125,39.28953158092299,10.950572663969353,0.08342955815297325,0.0
Markaz Samarra,105,12,32,261.80096435546875,16.45479461339068,11.275411220645468,0.024781150491539658,9782.440625
Markaz Sharbazher,14,1,0,509.082763671875,47.28568209343009,10.681728275299768,0.08726616603393227,0.0
Markaz Shat Al-Arab,10,0,1,1727.65625,10.487226280160725,10.778437365198192,0.0169384134775841,0.0
Markaz Sinjar,156,14,20,60.24863052368164,32.586610036626766,11.410500018209062,0.04675893843835398,3072.659765625
Markaz Sumail,4,1,1,647.373779296875,44.80209617474883,10.701953217157257,0.08012456661147808,3.900000095367432
Markaz Telafar,42,6,2,585.6417236328125,37.071781174854955,11.546315741262235,0.05723856591376779,3099.4334077380954
Markaz Tilkaef,28,5,3,585.6416625976562,41.94650268070117,11.20750636273033,0.06978991864412622,605.3143136160714
Markaz Tooz Khurmato,79,6,21,113.73356628417967,30.293738470255587,11.484819108528585,0.03470651001068385,8570.7998046875
Markaz Zakho,1,0,0,647.373779296875,44.873209702869616,11.185192368922767,0.08164211230926269,11294.400390625
Mawat,24,0,0,509.0827941894531,45.00229260856479,10.844816779547953,0.08424466136012862,64.2999979654948
Mazouri Bala,27,0,2,215.4719390869141,43.630441766280406,11.382959661244998,0.06797929428024974,0.0
Mergasur,404,0,142,215.4719390869141,46.13490329956264,10.94541250384451,0.09009036023344116,0.0
Midan,0,0,0,100.7057647705078,39.33315503579567,10.628784227992663,0.07292734309537081,2094.5665690104165
Mirka,12,0,1,61.371826171875,40.60112457042285,10.024105882954654,0.06717886915061214,27.200000762939453
Namroud,35,5,6,585.6417236328125,39.733835110840836,11.240927469218384,0.06829900467111269,1089.8999837239585
Nawdasht,25,2,1,215.4718780517578,40.811755055187696,10.765027744709943,0.08059572629538869,150.77999267578124
Nerwa Rekan,1811,0,593,215.471923828125,44.68028149829626,12.032454756717884,0.07070174642357124,0.0
Outba,13,0,0,1721.810302734375,8.962321303113516,10.760735557856153,0.016348573394328287,3172.199951171875
Qalaa't Ansab,3,0,0,261.8009948730469,14.918266909764322,11.221883318641197,0.0197961082396732,6384.525390625
Qalat Siker,20,4,3,138.85911560058594,15.072759260863048,10.769218692089572,0.00872840766468597,11709.7703125
Qara Tabe,40,4,12,88.23506164550781,24.91989531962894,11.72794593660354,0.030475825399382053,0.0
Qaradagh,221,17,8,509.0828247070313,46.78347947567635,10.727420617664814,0.08031587988914997,0.0
Qaraj,46,1,11,118.15972900390624,32.00281384879617,11.462889368287883,0.04600785213433904,1368.0
Qaratu,3,1,1,113.73357391357422,37.869276557465966,11.330850517756508,0.05085894477318391,1926.8333333333333
Qasruk,0,0,0,141.84561157226562,46.88608950494559,10.855989471960395,0.08680493085820781,1580.25
Qazanya,5,0,0,120.56580352783205,31.77115147040434,11.299995851198334,0.019394094801119297,694.8400390625
Qura Hanjeer,3,1,1,464.56158447265625,37.785088330947616,11.000956214954055,0.07009884951496852,0.0
Qushtappa,2,0,0,215.471923828125,41.102308772035926,11.443695549269666,0.07727535364358606,1.5200000762939454
Rabia,22,1,2,130.7268524169922,43.03764563738842,11.151736804569742,0.06573238791060423,3161.0997983870966
Rawa,36,1,7,33.84844207763672,14.846884603393956,9.82858894449431,0.002815177511805704,502.3000139508928
Safwan,40,4,2,220.9611968994141,14.513558404584277,10.776991220456125,0.006901015016477206,847.0333658854166
Said Dekhil,2,0,2,261.308837890625,9.359876773513546,10.690031826991955,0.006700255394357177,84.87142508370536
Salah Al-Din,3,0,0,215.4719390869141,44.01868057257504,11.254771638711958,0.0860367322642853,0.0
Sarchnar,14,1,0,509.0828247070313,46.43243086376505,10.747168580734519,0.08925006683889487,0.0
Sarkran,38,1,14,215.47189331054688,33.97153055896112,11.628032910004398,0.06005699566128225,0.0
Sarsank,178,1,11,647.3736572265625,45.72967558822352,11.493998154574012,0.0863685453525456,0.0
Saruchik,6,0,1,509.0827941894531,46.53660409768256,10.466868881090807,0.08742758702226634,0.0
Shaekh Saad,5,1,0,124.4743194580078,24.944694557322773,11.0920967230059,0.017062308507769495,12788.25
Shahrazur,23,0,0,509.0826721191406,47.08227618115537,10.72579657448121,0.08439198338413942,0.0
Shorsh,0,0,0,215.4719390869141,44.67451918215592,10.913933469004217,0.0791228160005436,0.0
Shwan,6,2,1,464.5616149902344,41.33474068428862,10.826429638896588,0.08246330317031317,0.0
Sindi,1,0,0,647.3737182617188,43.92502380713058,10.701953217157257,0.08032815679810898,0.0
Siwail,0,0,0,104.45860290527344,43.59599953752278,11.839064374640188,0.08771440281884693,138.8000030517578
Sourdash,10,1,0,509.0827331542969,40.773531731882386,10.299581590193707,0.08623509652416199,0.0
Sulaiman Baig,5,0,0,93.81311798095705,25.71064081081976,11.555488937479653,0.03685336986575423,8570.7998046875
Sumer,6,0,1,276.2860717773437,11.559883770437535,10.75729117602587,0.0010335259822239714,2306.940234375
Talha,9,1,3,210.567626953125,8.32445426258458,10.945081838038856,0.01214331832545967,0.0
Taq Taq,5,1,0,464.5616149902344,42.99395035096581,10.82635268249097,0.07400620736861376,0.0
Taza Khormato,23,2,7,464.5616149902344,28.188460071281767,11.00782220232888,0.037429960258405635,16050.89955357143
That al Salasil,0,0,0,5205.42578125,8.180860812918938,11.068354012657988,0.00866629164948688,2053.6748046875
Tilako,0,0,0,113.73358154296876,38.15277302945546,11.731473014663848,0.0725034221777743,0.0
Um Al-Qura,132,6,25,111.1887435913086,26.098923064408698,11.20982825269867,0.017958962384958796,7722.533203125
Um Qasr,14,1,0,178.7025604248047,8.743870767457635,10.646498934995957,0.00854807017261541,429.1499938964844
Wana,11,2,6,585.6417236328125,41.205819805258265,10.394131324258188,0.061826965501308194,1081.52490234375
Wasit,1,0,0,124.47432708740234,26.960903469871656,11.048241266942556,0.018229187973309392,16058.3453125
Yaijy,88,2,33,464.56158447265625,27.96227372587865,11.369228688689784,0.05811159174299219,34.900001525878906
Yathreb,79,5,44,261.8009948730469,12.78246487012545,10.998841279946012,0.013427605395897563,10247.217830882351
Zawita,5,0,1,647.3738403320312,44.60263933082317,10.679680000999316,0.08557818636627106,0.0
Zummar,10,2,1,604.8798828125,44.50043869284132,10.573892403889454,0.0682195472735173,2652.0135416666667
